sample-id	input	filtered	percentage of input passed filter	denoised	merged	percentage of input merged	non-chimeric	percentage of input non-chimeric
#q2:types	numeric	numeric	numeric	numeric	numeric	numeric	numeric	numeric
0001	117914	110487	93.7	110129	108589	92.09	103606	87.87
0002	58757	54555	92.85	54280	52484	89.32	44793	76.23
0003	195228	183409	93.95	182622	178359	91.36	162381	83.18
0004	105727	99544	94.15	98819	97451	92.17	95781	90.59
0005	50270	46963	93.42	46794	45824	91.16	45061	89.64
0006	65929	61109	92.69	60913	60540	91.83	57897	87.82
0007	83711	78474	93.74	77437	74159	88.59	71175	85.02
0008	91004	85729	94.2	84578	80879	88.87	74129	81.46
0009	49894	44679	89.55	43568	41497	83.17	40041	80.25
0010	80776	76800	95.08	76429	74141	91.79	70646	87.46
0011	87444	82301	94.12	80831	78679	89.98	75896	86.79
0012	63823	59596	93.38	59502	57974	90.84	57445	90.01
0013	69825	64909	92.96	64549	61924	88.68	60388	86.48
0014	59582	56240	94.39	54891	52557	88.21	50080	84.05
0015	113130	106217	93.89	104686	101758	89.95	97036	85.77
0016	52928	49942	94.36	49895	49244	93.04	48228	91.12
0017	65242	60747	93.11	60420	59241	90.8	57911	88.76
0018	75863	70691	93.18	69589	66279	87.37	64959	85.63
0019	84126	77998	92.72	77727	73722	87.63	69763	82.93
0020	95718	89091	93.08	88904	87955	91.89	84237	88.01
0021	57395	52750	91.91	52690	51995	90.59	47618	82.97
0022	59720	56113	93.96	55845	54912	91.95	53749	90
0023	59051	55626	94.2	54366	52592	89.06	49783	84.31
0024	87289	82415	94.42	82047	80474	92.19	77430	88.71
0025	65273	59641	91.37	59547	56808	87.03	53696	82.26
0026	72994	67383	92.31	67155	66704	91.38	66567	91.2
0027	106542	100992	94.79	99504	96865	90.92	91366	85.76
0028	63555	59191	93.13	58952	58425	91.93	56945	89.6
0029	98214	92493	94.17	91288	87438	89.03	82340	83.84
0030	60479	56892	94.07	56663	55223	91.31	53378	88.26
0031	71220	66827	93.83	66768	66556	93.45	65897	92.53
0032	151357	142052	93.85	141474	135294	89.39	131041	86.58
0033	81708	76562	93.7	76266	74555	91.25	73792	90.31
0034	88442	82481	93.26	82419	81761	92.45	80624	91.16
0035	82672	77580	93.84	77404	74757	90.43	74270	89.84
0036	93589	88564	94.63	87184	84859	90.67	81722	87.32
0037	56595	52187	92.21	51037	49516	87.49	47642	84.18
0038	97778	91981	94.07	91161	89557	91.59	87552	89.54
0039	80156	75224	93.85	74997	73787	92.05	70989	88.56
0040	75534	70238	92.99	70082	69187	91.6	67833	89.8
0041	85270	79404	93.12	79236	77490	90.88	76526	89.75
0042	74289	69649	93.75	69228	67233	90.5	60570	81.53
0043	83527	78003	93.39	77562	76512	91.6	72347	86.62
0044	82858	77784	93.88	77407	76429	92.24	74961	90.47
0045	93967	88179	93.84	87912	86635	92.2	85369	90.85
0046	105793	100058	94.58	99380	94404	89.23	85984	81.28
0047	67979	63946	94.07	63524	60665	89.24	57212	84.16
0048	83797	78052	93.14	77847	77555	92.55	74993	89.49
0049	71107	66865	94.03	66792	64629	90.89	61803	86.92
0050	77966	72946	93.56	72736	71267	91.41	68960	88.45
0051	64536	61018	94.55	58453	54479	84.42	48660	75.4
0052	84260	79530	94.39	78355	75502	89.61	65659	77.92
0053	66217	61287	92.55	60790	58148	87.81	41871	63.23
0054	81931	77255	94.29	77007	75671	92.36	69472	84.79
0055	76150	71489	93.88	69560	66355	87.14	59525	78.17
0056	37402	35444	94.76	35163	33972	90.83	29133	77.89
0057	77036	71720	93.1	71441	70848	91.97	66664	86.54
0058	83746	78941	94.26	77788	74769	89.28	65026	77.65
0059	77993	72942	93.52	72787	72119	92.47	64872	83.18
0060	71506	67380	94.23	67214	66374	92.82	55616	77.78
0061	68884	65267	94.75	64810	63183	91.72	56507	82.03
0062	57951	53461	92.25	53429	53209	91.82	52520	90.63
0063	88540	83963	94.83	82791	79319	89.59	67657	76.41
0064	78280	73232	93.55	71730	69046	88.2	61652	78.76
0065	68626	64554	94.07	64184	62899	91.65	55663	81.11
0066	78842	74079	93.96	73804	72533	92	71466	90.64
0067	85325	80720	94.6	80347	78577	92.09	73519	86.16
0068	78777	74364	94.4	74156	73482	93.28	62541	79.39
0069	72914	69143	94.83	67220	63243	86.74	54998	75.43
0070	63127	59745	94.64	57883	54442	86.24	49558	78.51
0071	56716	53124	93.67	52744	51333	90.51	48527	85.56
0072	54126	50701	93.67	50411	49243	90.98	42961	79.37
0073	89891	82538	91.82	82260	79981	88.98	77917	86.68
0074	65101	60813	93.41	60544	58590	90	52157	80.12
0075	70683	66932	94.69	66586	64367	91.06	58499	82.76
0076	54900	51894	94.52	50176	48195	87.79	39697	72.31
0077	100642	94138	93.54	92828	90445	89.87	86136	85.59
0078	55838	51993	93.11	50466	48533	86.92	43406	77.74
0079	64852	61009	94.07	60494	58509	90.22	48659	75.03
0080	49290	45494	92.3	44750	42346	85.91	40359	81.88
0081	67313	62977	93.56	62674	61147	90.84	56613	84.1
0082	96432	89727	93.05	89003	86120	89.31	78884	81.8
0083	96726	92031	95.15	90273	87728	90.7	66784	69.04
0084	81489	76294	93.62	75416	73336	89.99	69464	85.24
0085	67627	63501	93.9	63268	61574	91.05	53644	79.32
0086	98911	92590	93.61	92064	89248	90.23	85508	86.45
0087	76169	71862	94.35	70560	68392	89.79	55300	72.6
0088	80129	75466	94.18	74293	71743	89.53	63619	79.4
0089	71875	67339	93.69	67067	65339	90.91	63285	88.05
0090	64479	60233	93.41	58911	56860	88.18	52288	81.09
0091	101040	95702	94.72	93390	89289	88.37	76389	75.6
0092	76103	71151	93.49	70819	68439	89.93	62288	81.85
0093	57920	54433	93.98	53523	51868	89.55	46842	80.87
0094	108727	102486	94.26	100054	96265	88.54	84076	77.33
0095	78756	74066	94.04	71791	69331	88.03	62108	78.86
0096	83761	78157	93.31	76808	74775	89.27	66845	79.8
0097	75107	70809	94.28	69889	68079	90.64	64016	85.23
0098	88009	83153	94.48	82567	79149	89.93	72018	81.83
0099	59240	55570	93.8	55537	54381	91.8	49921	84.27
0100	67689	62985	93.05	60740	57234	84.55	48572	71.76
0101	67401	63463	94.16	63201	62725	93.06	57637	85.51
0102	99128	93564	94.39	91364	86886	87.65	71200	71.83
0103	80406	76011	94.53	74856	72567	90.25	68465	85.15
0104	72828	68347	93.85	66859	64777	88.95	56090	77.02
0105	95766	90324	94.32	88788	85397	89.17	71795	74.97
0106	78449	73454	93.63	73167	71234	90.8	67532	86.08
0107	67805	63752	94.02	63164	60359	89.02	57890	85.38
0108	80802	75294	93.18	74354	71601	88.61	69145	85.57
