sample-id	input	filtered	percentage of input passed filter	denoised	non-chimeric	percentage of input non-chimeric
#q2:types	numeric	numeric	numeric	numeric	numeric	numeric
0145	97584	96894	99.29	96761	96465	98.85
0146	72962	71129	97.49	70885	69293	94.97
0147	95123	94680	99.53	93958	91248	95.93
0148	123426	122706	99.42	122009	120199	97.39
0149	98589	97043	98.43	97009	96593	97.98
0150	96797	96382	99.57	96176	95315	98.47
0151	79445	78066	98.26	78000	77151	97.11
0152	105128	104626	99.52	104456	104343	99.25
0153	93576	92491	98.84	92339	92231	98.56
0154	115606	114990	99.47	114660	113466	98.15
0155	143216	141742	98.97	141701	139355	97.3
0156	105150	104645	99.52	104334	103175	98.12
0157	81863	78244	95.58	78044	78002	95.28
0158	92779	91100	98.19	90968	90637	97.69
0159	84499	81909	96.93	81725	80941	95.79
0160	161054	160214	99.48	159485	155974	96.85
0161	91098	90685	99.55	90658	90645	99.5
0162	77727	74743	96.16	74528	74297	95.59
0163	85274	84979	99.65	84890	84175	98.71
0164	103963	102603	98.69	101930	100655	96.82
0165	97645	97033	99.37	96880	96486	98.81
0166	92103	91534	99.38	91287	91271	99.1
0167	94537	93616	99.03	93500	93500	98.9
0168	89104	88641	99.48	88504	88501	99.32
0169	74869	74357	99.32	74292	74041	98.89
0170	123239	122715	99.57	122030	118487	96.14
0171	88581	88130	99.49	88084	88004	99.35
0172	74230	60781	81.88	60747	55276	74.47
0173	131220	130254	99.26	129881	128623	98.02
0174	94399	93777	99.34	93595	92754	98.26
0175	81775	79723	97.49	79571	79571	97.3
0176	117995	116966	99.13	116464	115670	98.03
0177	105340	104699	99.39	104587	104451	99.16
0178	82674	82046	99.24	81977	81715	98.84
0179	104811	104381	99.59	104116	102695	97.98
0180	86481	84385	97.58	84344	84344	97.53
0181	85024	82114	96.58	82076	81659	96.04
0182	92967	88106	94.77	88055	88055	94.72
0183	74601	60181	80.67	60128	60128	80.6
0184	94221	93408	99.14	93208	93208	98.92
0185	88788	87522	98.57	87485	87485	98.53
0186	91602	89476	97.68	89306	88347	96.45
0187	237	235	99.16	201	201	84.81
0188	75708	70223	92.76	70127	52580	69.45
0189	164	164	100	135	135	82.32
0190	99033	98675	99.64	98447	98052	99.01
0191	102050	101471	99.43	101454	100795	98.77
0192	107823	106669	98.93	106535	106332	98.62
0193	93886	93467	99.55	93294	93185	99.25
0194	87317	86815	99.43	86745	86040	98.54
0195	100368	99393	99.03	99139	98768	98.41
0196	85507	75524	88.32	75274	75274	88.03
0197	88801	87521	98.56	87456	87226	98.23
0198	83580	82924	99.22	82836	82836	99.11
0199	214	214	100	194	187	87.38
0200	94879	94135	99.22	93994	92541	97.54
0201	76744	62888	81.95	62833	61322	79.9
0202	67582	62413	92.35	62402	62099	91.89
0203	99957	99547	99.59	99446	99136	99.18
0204	87739	87095	99.27	87039	86949	99.1
0205	83690	83348	99.59	83224	82946	99.11
0206	105965	105535	99.59	105330	105063	99.15
0207	107866	107201	99.38	106967	106882	99.09
0208	100412	100014	99.6	99759	99149	98.74
0209	102630	101912	99.3	101775	101465	98.86
0210	145802	144860	99.35	143433	140636	96.46
0211	129055	128466	99.54	127566	123854	95.97
0212	110811	110161	99.41	109993	109663	98.96
0213	101576	101039	99.47	100913	100725	99.16
0214	104981	102398	97.54	102239	101925	97.09
0215	99793	99211	99.42	99161	98620	98.82
0216	96982	96290	99.29	96069	94071	97
0217	98649	98253	99.6	98122	97708	99.05
0218	62053	61740	99.5	61614	60743	97.89
0219	86875	86522	99.59	86230	85960	98.95
0220	99783	99326	99.54	98810	96914	97.12
0221	102934	101882	98.98	101650	101650	98.75
0222	109410	108965	99.59	108584	106099	96.97
0223	93454	93031	99.55	92911	92478	98.96
0224	138721	137473	99.1	136510	134370	96.86
0225	115291	114763	99.54	114396	114005	98.88
0226	95122	94713	99.57	94575	94128	98.96
0227	165213	164374	99.49	163928	161558	97.79
0228	108425	107859	99.48	107448	105804	97.58
0229	112305	111511	99.29	111434	110937	98.78
0230	134886	134248	99.53	133907	132686	98.37
0231	86794	86003	99.09	85920	85535	98.55
0232	97962	97591	99.62	97351	95576	97.56
0233	78380	76617	97.75	76503	76503	97.61
0234	80724	79808	98.87	79707	79251	98.18
0235	108028	107594	99.6	107084	104583	96.81
0236	92806	92342	99.5	92112	92112	99.25
0237	127348	126817	99.58	126215	122585	96.26
0238	93368	92909	99.51	92715	92715	99.3
0239	120654	120188	99.61	119952	119586	99.11
0240	74981	74578	99.46	74507	74302	99.09
0241	132811	131356	98.9	130804	128320	96.62
0242	116438	115951	99.58	115661	114943	98.72
0243	90240	89774	99.48	89586	89457	99.13
0244	81767	81276	99.4	81236	76987	94.15
0245	110271	109699	99.48	109299	108354	98.26
0246	97729	97193	99.45	96953	96840	99.09
0332	100711	100230	99.52	100083	99721	99.02
0333	102312	101744	99.44	101486	100463	98.19
0334	110095	109406	99.37	108318	104257	94.7
0335	108951	108487	99.57	108318	108186	99.3
0336	115061	114598	99.6	114502	114202	99.25
0337	94451	94050	99.58	93825	93731	99.24
0338	117873	116501	98.84	116403	115916	98.34
0339	112657	112169	99.57	111844	110994	98.52
0340	110666	110214	99.59	110004	109855	99.27
0341	92589	92163	99.54	91974	91385	98.7
0342	124974	124433	99.57	124331	123108	98.51
0343	119091	118588	99.58	117513	113264	95.11
0344	82221	81713	99.38	81411	81021	98.54
0345	102566	101517	98.98	101214	100459	97.95
0346	106265	105794	99.56	105607	105398	99.18
0347	114743	114103	99.44	113547	112077	97.68
0348	133960	133258	99.48	132874	132411	98.84
0349	109273	108609	99.39	108426	107991	98.83
F-AcCIB05	531	531	100	522	522	98.31
F-AcCIB25	351	351	100	221	221	62.96
F-AcCIB30	358	357	99.72	337	337	94.13
F-AcCIB33	440	439	99.77	397	397	90.23
F-AcCIB34	400	400	100	332	332	83
F-AcCIB49	461	460	99.78	390	390	84.6
F-AcCIB50	382	381	99.74	362	362	94.76
F-PmKCH01	520	518	99.62	478	478	91.92
F-SvCIB11	435	432	99.31	424	424	97.47
F-SvCIB12	366	365	99.73	308	308	84.15
nc001	268	266	99.25	256	256	95.52
nc002	86825	86484	99.61	86452	86452	99.57
